{
    "Angle": {
        "MAE": 3.3866664514779004,
        "MSE": 96.38736939786224,
        "RMSE": 9.817706931756634,
        "R2": 96.63022911933072
    },
    "Score_Sound": {
        "MAE": 0.02222022331594,
        "MSE": 0.0008437113863687546,
        "RMSE": 0.029046710422503175,
        "R2": 97.70496603190256
    },
    "Equality_Sound": {
        "MAE": 0.08278425273900032,
        "MSE": 0.012614793833638354,
        "RMSE": 0.11231559924444313,
        "R2": 91.8889032417167
    }
}