{
    "Angle": {
        "MAE": 3.358627611423676,
        "MSE": 91.76939584470743,
        "RMSE": 9.579634431684093,
        "R2": 96.78002119843131
    },
    "Score_Sound": {
        "MAE": 0.022270636979811236,
        "MSE": 0.0008549255188250942,
        "RMSE": 0.029239109405470854,
        "R2": 97.71503188951598
    },
    "Equality_Sound": {
        "MAE": 0.08254464633919696,
        "MSE": 0.012598485655512533,
        "RMSE": 0.1122429759740561,
        "R2": 91.9094615310232
    }
}